Particle,Count,WeightedCount,Z,A,MaxLET_MeV_cm2_mg,MeanLET_MeV_cm2_mg
Au197,99423.0,99423.0,79.0,197.0,42.8952,38.444096542721496
gamma,1.0,1.0,0.0,0.0,0.000303004,0.000303004
